{"cameraMode":{"drawMode":0,"name":"Shaded","section":"Shading Mode"},"sceneLighting":true,"audioPlay":false,"sceneViewState":{"showFog":true,"showMaterialUpdate":true,"showSkybox":true,"showFlares":true,"showImageEffects":true,"showParticleSystems":true},"in2DMode":false,"pivot":{"x":103.35131072998047,"y":71.0490951538086,"z":160.8075408935547},"rotation":{"x":0.13155674934387208,"y":0.4722793400287628,"z":-0.07152774930000305,"w":0.8686361908912659},"size":4.6082763671875,"orthographic":false}