{"cameraMode":{"drawMode":0,"name":"Shaded","section":"Shading Mode"},"sceneLighting":true,"audioPlay":false,"sceneViewState":{"showFog":true,"showMaterialUpdate":true,"showSkybox":true,"showFlares":true,"showImageEffects":true,"showParticleSystems":true},"in2DMode":false,"pivot":{"x":84.271728515625,"y":-28.11658477783203,"z":106.28206634521485},"rotation":{"x":0.2115451693534851,"y":0.19923090934753419,"z":-0.04409399628639221,"w":0.9558302760124207},"size":96.42333984375,"orthographic":false}