{"cameraMode":{"drawMode":0,"name":"Shaded","section":"Shading Mode"},"sceneLighting":false,"audioPlay":false,"sceneViewState":{"showFog":true,"showMaterialUpdate":true,"showSkybox":true,"showFlares":true,"showImageEffects":true,"showParticleSystems":true},"in2DMode":false,"pivot":{"x":-7.559473991394043,"y":4.664111614227295,"z":-1.0846598148345948},"rotation":{"x":0.21393169462680818,"y":0.7187605500221252,"z":-0.251273512840271,"w":0.6119462251663208},"size":13.908348083496094,"orthographic":false}