{"cameraMode":{"drawMode":0,"name":"Shaded","section":"Shading Mode"},"sceneLighting":true,"audioPlay":false,"sceneViewState":{"showFog":true,"showMaterialUpdate":true,"showSkybox":true,"showFlares":true,"showImageEffects":true,"showParticleSystems":true},"in2DMode":false,"pivot":{"x":41.6752815246582,"y":4.158328056335449,"z":32.25935363769531},"rotation":{"x":0.0008328074472956359,"y":0.9848345518112183,"z":-0.17342950403690339,"w":0.004727672319859266},"size":17.219024658203126,"orthographic":false}