{"cameraMode":{"drawMode":0,"name":"Shaded","section":"Shading Mode"},"sceneLighting":false,"audioPlay":false,"sceneViewState":{"showFog":true,"showMaterialUpdate":true,"showSkybox":true,"showFlares":true,"showImageEffects":true,"showParticleSystems":true},"in2DMode":false,"pivot":{"x":-3.4432997703552248,"y":2.638254404067993,"z":0.9395706653594971},"rotation":{"x":0.21393169462680818,"y":0.7187605500221252,"z":-0.251273512840271,"w":0.6119462251663208},"size":11.561592102050782,"orthographic":false}