{"cameraMode":{"drawMode":0,"name":"Shaded","section":"Shading Mode"},"sceneLighting":true,"audioPlay":false,"sceneViewState":{"showFog":true,"showMaterialUpdate":true,"showSkybox":true,"showFlares":true,"showImageEffects":true,"showParticleSystems":true},"in2DMode":false,"pivot":{"x":83.29716491699219,"y":-30.306400299072267,"z":138.31764221191407},"rotation":{"x":0.2625477910041809,"y":0.0318305641412735,"z":-0.008665979839861393,"w":0.964354932308197},"size":151.9093475341797,"orthographic":false}