{"cameraMode":{"drawMode":0,"name":"Shaded","section":"Shading Mode"},"sceneLighting":false,"audioPlay":false,"sceneViewState":{"showFog":true,"showMaterialUpdate":true,"showSkybox":true,"showFlares":true,"showImageEffects":true,"showParticleSystems":true},"in2DMode":false,"pivot":{"x":-0.06823372840881348,"y":2.02995228767395,"z":-12.672658920288086},"rotation":{"x":0.2625477910041809,"y":0.0318305641412735,"z":-0.008665979839861393,"w":0.964354932308197},"size":8.681546211242676,"orthographic":false}