{"cameraMode":{"drawMode":0,"name":"Shaded","section":"Shading Mode"},"sceneLighting":true,"audioPlay":false,"sceneViewState":{"showFog":true,"showMaterialUpdate":true,"showSkybox":true,"showFlares":true,"showImageEffects":true,"showParticleSystems":true},"in2DMode":false,"pivot":{"x":101.69590759277344,"y":69.87159729003906,"z":162.691650390625},"rotation":{"x":0.13155674934387208,"y":0.4722793400287628,"z":-0.07152774930000305,"w":0.8686361908912659},"size":17.708282470703126,"orthographic":false}