{"cameraMode":{"drawMode":0,"name":"Shaded","section":"Shading Mode"},"sceneLighting":true,"audioPlay":false,"sceneViewState":{"showFog":true,"showMaterialUpdate":true,"showSkybox":true,"showFlares":true,"showImageEffects":true,"showParticleSystems":true},"in2DMode":false,"pivot":{"x":102.90184783935547,"y":71.38591003417969,"z":164.45144653320313},"rotation":{"x":-0.24338386952877046,"y":0.276665061712265,"z":-0.07265471667051316,"w":-0.9267913103103638},"size":4.24523401260376,"orthographic":false}