{"cameraMode":{"drawMode":0,"name":"Shaded","section":"Shading Mode"},"sceneLighting":false,"audioPlay":false,"sceneViewState":{"showFog":true,"showMaterialUpdate":true,"showSkybox":true,"showFlares":true,"showImageEffects":true,"showParticleSystems":true},"in2DMode":false,"pivot":{"x":101.80171203613281,"y":71.6701889038086,"z":164.4551544189453},"rotation":{"x":0.18066170811653138,"y":0.44564372301101687,"z":-0.09233783930540085,"w":0.8719155788421631},"size":22.0,"orthographic":false}