{"cameraMode":{"drawMode":0,"name":"Shaded","section":"Shading Mode"},"sceneLighting":false,"audioPlay":false,"sceneViewState":{"showFog":true,"showMaterialUpdate":true,"showSkybox":true,"showFlares":true,"showImageEffects":true,"showParticleSystems":true},"in2DMode":false,"pivot":{"x":-0.4791581332683563,"y":0.23045657575130464,"z":16.994731903076173},"rotation":{"x":0.08089602738618851,"y":-0.8411440849304199,"z":0.13126888871192933,"w":0.5183637738227844},"size":4.4398722648620609,"orthographic":false}