{"cameraMode":{"drawMode":0,"name":"Shaded","section":"Shading Mode"},"sceneLighting":false,"audioPlay":false,"sceneViewState":{"showFog":true,"showMaterialUpdate":true,"showSkybox":true,"showFlares":true,"showImageEffects":true,"showParticleSystems":true},"in2DMode":false,"pivot":{"x":96.92900085449219,"y":70.3756332397461,"z":165.66282653808595},"rotation":{"x":0.28944844007492068,"y":-0.4533998668193817,"z":0.15850423276424409,"w":0.8279641270637512},"size":0.6851240396499634,"orthographic":false}