{"cameraMode":{"drawMode":0,"name":"Shaded","section":"Shading Mode"},"sceneLighting":true,"audioPlay":false,"sceneViewState":{"showFog":true,"showMaterialUpdate":true,"showSkybox":true,"showFlares":true,"showImageEffects":true,"showParticleSystems":true},"in2DMode":false,"pivot":{"x":15.676956176757813,"y":-48.69884490966797,"z":122.28102111816406},"rotation":{"x":0.1749824434518814,"y":0.27562326192855837,"z":-0.051099009811878207,"w":0.9438230395317078},"size":193.4349365234375,"orthographic":false}