{"cameraMode":{"drawMode":0,"name":"Shaded","section":"Shading Mode"},"sceneLighting":false,"audioPlay":false,"sceneViewState":{"showFog":true,"showMaterialUpdate":true,"showSkybox":true,"showFlares":true,"showImageEffects":true,"showParticleSystems":true},"in2DMode":false,"pivot":{"x":101.9000015258789,"y":71.5999984741211,"z":164.8300018310547},"rotation":{"x":0.10749095678329468,"y":0.6656666398048401,"z":-0.09775450080633164,"w":0.7319684028625488},"size":-6.614194869995117,"orthographic":false}