{"cameraMode":{"drawMode":0,"name":"Shaded","section":"Shading Mode"},"sceneLighting":true,"audioPlay":false,"sceneViewState":{"showFog":true,"showMaterialUpdate":true,"showSkybox":true,"showFlares":true,"showImageEffects":true,"showParticleSystems":true},"in2DMode":false,"pivot":{"x":108.07276916503906,"y":65.9246597290039,"z":168.46701049804688},"rotation":{"x":0.2662433981895447,"y":0.4934256672859192,"z":-0.1617717742919922,"w":0.812080979347229},"size":10.432344436645508,"orthographic":false}