{"cameraMode":{"drawMode":0,"name":"Shaded","section":"Shading Mode"},"sceneLighting":false,"audioPlay":false,"sceneViewState":{"showFog":true,"showMaterialUpdate":true,"showSkybox":true,"showFlares":true,"showImageEffects":true,"showParticleSystems":true},"in2DMode":false,"pivot":{"x":96.92900085449219,"y":70.3756332397461,"z":165.66282653808595},"rotation":{"x":0.1376289576292038,"y":-0.49102187156677248,"z":0.07889306545257569,"w":0.856581449508667},"size":0.6851240396499634,"orthographic":false}