{"cameraMode":{"drawMode":0,"name":"Shaded","section":"Shading Mode"},"sceneLighting":false,"audioPlay":false,"sceneViewState":{"showFog":true,"showMaterialUpdate":true,"showSkybox":true,"showFlares":true,"showImageEffects":true,"showParticleSystems":true},"in2DMode":false,"pivot":{"x":96.92900085449219,"y":70.3756332397461,"z":165.66282653808595},"rotation":{"x":0.13155674934387208,"y":0.4722793400287628,"z":-0.07152774930000305,"w":0.8686361908912659},"size":0.6851240396499634,"orthographic":false}