{"cameraMode":{"drawMode":0,"name":"Shaded","section":"Shading Mode"},"sceneLighting":true,"audioPlay":false,"sceneViewState":{"showFog":true,"showMaterialUpdate":true,"showSkybox":true,"showFlares":true,"showImageEffects":true,"showParticleSystems":true},"in2DMode":false,"pivot":{"x":101.2280502319336,"y":72.27823638916016,"z":164.78623962402345},"rotation":{"x":0.13155674934387208,"y":0.4722793400287628,"z":-0.07152774930000305,"w":0.8686361908912659},"size":2.728806495666504,"orthographic":false}